martian_id,first_name,last_name,base_id,super_id,salary,dna_id
1,Ray,Bradbury,1,,155900,gctaggaatgtagaatctcctgttg
2,John,Black,4,10,120100,cagttaatggttgaagctggggatt
3,Samuel,Hinkston,4,2,110000,cgaagcgctagatgctgtgttgtag
4,Jeff,Spender,1,9,10000,gactaatgtcttcgtggattgcaga
5,Sam,Parkhill,2,12,125000,gttactttgcgaaagccgtggctac
6,Elma,Parkhill,3,8,137000,gcaggaatggaagcaactgccatat
7,Melissa,Lewis,1,1,145250,cttcgatcgtcaatggagtccggac
8,Mark,Watney,3,,121100,gacacgaggcgaactatgtcgcggc
9,Beth,Johanssen,1,1,130000,cttagactaggtgtgaaacccgtta
10,Chris,Beck,4,,125000,gggggggttacgacgaggaatccat
11,Nathaniel,York,4,2,105000,ggctccctgggcgggatattggatg
12,Elon,Musk,2,,155800,atctgcttggatcaatagcgctgcg
13,John,Carter,,8,129500,ccaatcgtgcgagtcgcgatagtct
